"code","value","type","inves","購入時手数料（上限）","信託財産留保額","運用管理費用（信託報酬）"
"JP90C00009X9","三井住友・ＤＣ年金バランス３０（債券重点型）","追加型/内外/資産複合","三井住友ＤＳアセットマネジメント","0.00%","外枠なし","0.22000%"
"JP90C00009Y7","三井住友・ＤＣ年金バランス５０（標準型）","追加型/内外/資産複合","三井住友ＤＳアセットマネジメント","0.00%","外枠なし","0.23000%"
"JP90C00009Z4","三井住友・ＤＣ年金バランス７０（株式重点型）","追加型/内外/資産複合","三井住友ＤＳアセットマネジメント","0.00%","外枠なし","0.24000%"
"JP90C0000HT6","東京海上セレクション・日本株ＴＯＰＩＸ","追加型/国内/株式","東京海上アセットマネジメント","0.00%","外枠なし","0.14000%"
"JP90C0001QL2","ニッセイＴＯＰＩＸオープン","追加型/国内/株式","ニッセイアセットマネジメント","0.00%","外枠0.5％未満","0.50000%"
"JP90C0001QU3","ニッセイ日本株ファンド","追加型/国内/株式","ニッセイアセットマネジメント","0.00%","外枠なし","0.80000%"
"JP90C0001QY5","ＤＣニッセイワールドセレクトファンド（債券重視型）","追加型/内外/資産複合","ニッセイアセットマネジメント","0.00%","外枠なし","0.14000%"
"JP90C0001QZ2","ＤＣニッセイワールドセレクトファンド（標準型）","追加型/内外/資産複合","ニッセイアセットマネジメント","0.00%","外枠なし","0.14000%"
"JP90C0001R05","ＤＣニッセイワールドセレクトファンド（株式重視型）","追加型/内外/資産複合","ニッセイアセットマネジメント","0.00%","外枠なし","0.14000%"
"JP90C0001R39","ニッセイ日経２２５インデックスファンド","追加型/国内/株式","ニッセイアセットマネジメント","0.00%","外枠なし","0.25000%"
"JP90C0001UU5","ハッピーエイジング２０（ハッピーエイジング・ファンド）","追加型/内外/資産複合","ＳＯＭＰＯアセットマネジメント","2.00%以内","外枠なし","1.47000%"
"JP90C0001UV3","ハッピーエイジング３０（ハッピーエイジング・ファンド）","追加型/内外/資産複合","ＳＯＭＰＯアセットマネジメント","2.00%以内","外枠なし","1.35000%"
"JP90C0001UW1","ハッピーエイジング４０（ハッピーエイジング・ファンド）","追加型/内外/資産複合","ＳＯＭＰＯアセットマネジメント","2.00%以内","外枠なし","1.20000%"
"JP90C00021F1","年金積立Ｊグロース","追加型/国内/株式","日興アセットマネジメント","2.00%以内","外枠なし","0.82000%"
"JP90C0002AA7","朝日ライフ日経平均ファンド","追加型/国内/株式","朝日ライフアセットマネジメント","2.00%以内","外枠なし","0.50000%"
"JP90C0002MF1","大和住銀ＤＣ国内株式ファンド","追加型/国内/株式","三井住友ＤＳアセットマネジメント","0.00%","外枠なし","0.95000%"
"JP90C00035D6","フィデリティ・欧州株・ファンド","追加型/海外/株式","フィデリティ投信","3.00%以内","外枠なし","1.50000%"
"JP90C00035E4","フィデリティ・米国優良株・ファンド","追加型/海外/株式","フィデリティ投信","3.00%以内","外枠なし","1.49000%"
"JP90C0003RR3","ダイワ・ライフ・バランス３０","追加型/内外/資産複合","大和アセットマネジメント","0.00%","外枠なし","0.18000%"
"JP90C0003RS1","ダイワ・ライフ・バランス５０","追加型/内外/資産複合","大和アセットマネジメント","0.00%","外枠なし","0.20000%"
"JP90C0003RT9","ダイワ・ライフ・バランス７０","追加型/内外/資産複合","大和アセットマネジメント","0.00%","外枠なし","0.22000%"
"JP90C0004GZ7","セゾン・バンガード・グローバルバランスファンド","追加型/内外/資産複合","セゾン投信","0.00%","外枠0.5％未満","0.45000%"
"JP90C0004H04","セゾン資産形成の達人ファンド","追加型/内外/資産複合","セゾン投信","0.00%","外枠0.5％未満","0.52000%"
"JP90C00055W4","ＳＭＴ　ＴＯＰＩＸインデックス・オープン","追加型/国内/株式","三井住友トラスト・アセットマネジメント","2.00%以内","外枠0.5％未満","0.37000%"
"JP90C00055X2","ＳＭＴグローバル株式インデックス・オープン","追加型/海外/株式","三井住友トラスト・アセットマネジメント","2.00%以内","外枠0.5％未満","0.50000%"
"JP90C0005FR3","三井住友・ＤＣターゲットイヤーファンド２０４０（４資産タイプ）","追加型/内外/資産複合","三井住友ＤＳアセットマネジメント","0.00%","外枠なし","0.42000%"
"JP90C0005FS1","三井住友・ＤＣターゲットイヤーファンド２０４５（４資産タイプ）","追加型/内外/資産複合","三井住友ＤＳアセットマネジメント","0.00%","外枠なし","0.42000%"
"JP90C0005Z76","ＳＭＴ新興国株式インデックス・オープン","追加型/海外/株式","三井住友トラスト・アセットマネジメント","3.00%以内","外枠0.5％未満","0.60000%"
"JP90C0006026","世界経済インデックスファンド","追加型/内外/資産複合","三井住友トラスト・アセットマネジメント","3.00%以内","外枠0.5％未満","0.50000%"
"JP90C0006083","コモンズ３０ファンド","追加型/内外/株式","コモンズ投信","-","外枠なし","0.98000%"
"JP90C0006K23","外国株式指数ファンド","追加型/海外/株式","三井住友ＤＳアセットマネジメント","0.00%","外枠0.5％未満","0.50000%"
"JP90C0006LC1","ｅＭＡＸＩＳ日経２２５インデックス","追加型/国内/株式","三菱ＵＦＪ国際投信","0.00%","外枠なし","0.40000%"
"JP90C0006LD9","ｅＭＡＸＩＳ　ＴＯＰＩＸインデックス","追加型/国内/株式","三菱ＵＦＪ国際投信","0.00%","外枠なし","0.40000%"
"JP90C0006LG2","ｅＭＡＸＩＳ先進国株式インデックス","追加型/海外/株式","三菱ＵＦＪ国際投信","0.00%","外枠なし","0.60000%"
"JP90C0006LK4","ｅＭＡＸＩＳ新興国株式インデックス","追加型/海外/株式","三菱ＵＦＪ国際投信","0.00%","外枠0.5％未満","0.60000%"
"JP90C0006Y84","のむラップ・ファンド（積極型）","追加型/内外/資産複合","野村アセットマネジメント","1.00%以内","外枠0.5％未満","1.38000%"
"JP90C0006ZN8","東京海上セレクション・外国株式インデックス","追加型/海外/株式","東京海上アセットマネジメント","0.00%","外枠なし","0.20000%"
"JP90C00074C7","ｅＭＡＸＩＳ全世界株式インデックス","追加型/海外/株式","三菱ＵＦＪ国際投信","0.00%","外枠0.5％未満","0.60000%"
"JP90C00074E3","ＳＭＴ日経２２５インデックス・オープン","追加型/国内/株式","三井住友トラスト・アセットマネジメント","2.00%以内","外枠なし","0.37000%"
"JP90C0007DM5","野村インデックスファンド・ＴＯＰＩＸ","追加型/国内/株式","野村アセットマネジメント","1.00%以内","外枠なし","0.40000%"
"JP90C0007DN3","野村インデックスファンド・日経２２５","追加型/国内/株式","野村アセットマネジメント","1.00%以内","外枠なし","0.40000%"
"JP90C0007DP8","野村インデックスファンド・外国株式","追加型/海外/株式","野村アセットマネジメント","1.00%以内","外枠なし","0.55000%"
"JP90C0007DQ6","野村インデックスファンド・新興国株式","追加型/海外/株式","野村アセットマネジメント","1.00%以内","外枠0.5％未満","0.60000%"
"JP90C0007LN6","三井住友・ＤＣつみたてＮＩＳＡ・全海外株インデックスファンド","追加型/海外/株式","三井住友ＤＳアセットマネジメント","0.00%","外枠なし","0.25000%"
"JP90C0007LP1","三井住友・ＤＣ新興国株式インデックスファンド","追加型/海外/株式","三井住友ＤＳアセットマネジメント","0.00%","外枠なし","0.34000%"
"JP90C0008022","ｅＭＡＸＩＳバランス（８資産均等型）","追加型/内外/資産複合","三菱ＵＦＪ国際投信","0.00%","外枠0.5％未満","0.50000%"
"JP90C00081U4","三井住友・ＤＣつみたてＮＩＳＡ・日本株インデックスファンド","追加型/国内/株式","三井住友ＤＳアセットマネジメント","0.00%","外枠なし","0.16000%"
"JP90C0008CH5","ひふみプラス","追加型/内外/株式","レオス・キャピタルワークス","3.00%以内","外枠なし","0.98000%"
"JP90C00091E7","ＥＸＥ－ｉグローバル中小型株式ファンド","追加型/内外/株式","ＳＢＩアセットマネジメント","0.00%","外枠なし","0.23000%"
"JP90C00095F5","野村インデックスファンド・外国株式・為替ヘッジ型","追加型/海外/株式","野村アセットマネジメント","1.00%以内","外枠なし","0.55000%"
"JP90C0009ER8","ｅＭＡＸＩＳ　ＮＹダウインデックス","追加型/海外/株式","三菱ＵＦＪ国際投信","0.00%","外枠なし","0.60000%"
"JP90C0009L03","野村インデックスファンド・海外５資産バランス","追加型/海外/資産複合","野村アセットマネジメント","2.00%以内","外枠0.5％未満","0.60000%"
"JP90C0009L37","野村インデックスファンド・内外７資産バランス・為替ヘッジ型","追加型/内外/資産複合","野村アセットマネジメント","2.00%以内","外枠0.5％未満","0.50000%"
"JP90C0009VE0","＜購入・換金手数料なし＞ニッセイ外国株式インデックスファンド","追加型/海外/株式","ニッセイアセットマネジメント","0.00%","外枠なし","0.09300%"
"JP90C000A0B8","ＳＭＴ　ＪＰＸ日経インデックス４００・オープン","追加型/国内/株式","三井住友トラスト・アセットマネジメント","2.00%以内","外枠なし","0.37000%"
"JP90C000A808","野村インデックスファンド・ＪＰＸ日経４００","追加型/国内/株式","野村アセットマネジメント","1.00%以内","外枠なし","0.40000%"
"JP90C000A9Q7","ｅＭＡＸＩＳ　ＪＰＸ日経４００インデックス","追加型/国内/株式","三菱ＵＦＪ国際投信","0.00%","外枠なし","0.40000%"
"JP90C000ADD2","ブラックロック・インデックス投資戦略ファンド","追加型/内外/資産複合","ブラックロック・ジャパン","1.00%以内","外枠なし","0.79000%"
"JP90C000AYS6","フィデリティ・ターゲット・デート・ファンド（ベーシック）２０５０","追加型/内外/資産複合","フィデリティ投信","1.00%以内","外枠なし","0.26600%"
"JP90C000B9U8","＜購入・換金手数料なし＞ニッセイＪＰＸ日経４００インデックスファンド","追加型/国内/株式","ニッセイアセットマネジメント","0.00%","外枠なし","0.19500%"
"JP90C000BRT6","＜購入・換金手数料なし＞ニッセイＴＯＰＩＸインデックスファンド","追加型/国内/株式","ニッセイアセットマネジメント","0.00%","外枠なし","0.14000%"
"JP90C000C7B1","＜購入・換金手数料なし＞ニッセイ・インデックスバランスファンド（４資産均等型）","追加型/内外/資産複合","ニッセイアセットマネジメント","0.00%","外枠なし","0.14000%"
"JP90C000C838","ＨＳＢＣワールド・セレクション（成長コース）","追加型/内外/資産複合","ＨＳＢＣアセットマネジメント","1.20%以内","外枠なし","1.13000%"
"JP90C000C8G8","ｅＭＡＸＩＳバランス（４資産均等型）","追加型/内外/資産複合","三菱ＵＦＪ国際投信","0.00%","外枠なし","0.50000%"
"JP90C000CG01","ＬＯＳＡ長期保有型国際分散インデックスファンド","追加型/内外/資産複合","ＰａｙＰａｙアセットマネジメント","0.00%","外枠なし","0.48500%"
"JP90C000CJS3","フィデリティ・ターゲット・デート・ファンド（ベーシック）２０４０","追加型/内外/資産複合","フィデリティ投信","1.00%以内","外枠なし","0.26600%"
"JP90C000CMF4","たわらノーロード日経２２５","追加型/国内/株式","アセットマネジメントＯｎｅ","0.00%","外枠なし","0.17000%"
"JP90C000CMK4","たわらノーロード先進国株式","追加型/海外/株式","アセットマネジメントＯｎｅ","0.00%","外枠なし","0.20000%"
"JP90C000CZ57","たわらノーロード新興国株式","追加型/海外/株式","アセットマネジメントＯｎｅ","0.00%","外枠0.5％未満","0.34000%"
"JP90C000D1X7","ｅＭＡＸＩＳ最適化バランス（マイゴールキーパー）","追加型/内外/資産複合","三菱ＵＦＪ国際投信","0.00%","外枠なし","0.50000%"
"JP90C000D1Y5","ｅＭＡＸＩＳ最適化バランス（マイディフェンダー）","追加型/内外/資産複合","三菱ＵＦＪ国際投信","0.00%","外枠0.5％未満","0.50000%"
"JP90C000D1Z2","ｅＭＡＸＩＳ最適化バランス（マイミッドフィルダー）","追加型/内外/資産複合","三菱ＵＦＪ国際投信","0.00%","外枠0.5％未満","0.50000%"
"JP90C000D208","ｅＭＡＸＩＳ最適化バランス（マイフォワード）","追加型/内外/資産複合","三菱ＵＦＪ国際投信","0.00%","外枠0.5％未満","0.50000%"
"JP90C000D216","ｅＭＡＸＩＳ最適化バランス（マイストライカー）","追加型/内外/資産複合","三菱ＵＦＪ国際投信","0.00%","外枠0.5％未満","0.50000%"
"JP90C000D3K0","キャピタル世界株式ファンド（ＤＣ年金つみたて専用）","追加型/内外/株式","キャピタル・インターナショナル","0.00%","外枠なし","0.98000%"
"JP90C000DPW0","東京海上・日経２２５インデックスファンド","追加型/国内/株式","東京海上アセットマネジメント","0.00%","外枠なし","0.22500%"
"JP90C000DVK3","ｉＦｒｅｅ日経２２５インデックス","追加型/国内/株式","大和アセットマネジメント","0.00%","外枠なし","0.14000%"
"JP90C000DVL1","ｉＦｒｅｅ　ＴＯＰＩＸインデックス","追加型/国内/株式","大和アセットマネジメント","0.00%","外枠なし","0.14000%"
"JP90C000DVM9","ｉＦｒｅｅ　ＪＰＸ日経４００インデックス","追加型/国内/株式","大和アセットマネジメント","0.00%","外枠なし","0.19500%"
"JP90C000DVN7","ｉＦｒｅｅ外国株式インデックス（為替ヘッジなし）","追加型/海外/株式","大和アセットマネジメント","0.00%","外枠なし","0.19000%"
"JP90C000DVP2","ｉＦｒｅｅ　ＮＹダウ・インデックス","追加型/海外/株式","大和アセットマネジメント","0.00%","外枠なし","0.22500%"
"JP90C000DVR8","ｉＦｒｅｅ新興国株式インデックス","追加型/海外/株式","大和アセットマネジメント","0.00%","外枠なし","0.34000%"
"JP90C000DVX6","ｉＦｒｅｅ８資産バランス","追加型/内外/資産複合","大和アセットマネジメント","0.00%","外枠なし","0.22000%"
"JP90C000DXE2","たわらノーロード先進国株式＜為替ヘッジあり＞","追加型/海外/株式","アセットマネジメントＯｎｅ","0.00%","外枠なし","0.20000%"
"JP90C000E6Z0","＜購入・換金手数料なし＞ニッセイ日経平均インデックスファンド","追加型/国内/株式","ニッセイアセットマネジメント","0.00%","外枠なし","0.14000%"
"JP90C000ENA9","ｅＭＡＸＩＳ　Ｓｌｉｍ国内株式（ＴＯＰＩＸ）","追加型/国内/株式","三菱ＵＦＪ国際投信","0.00%","外枠なし","0.14000%"
"JP90C000ENC5","ｅＭＡＸＩＳ　Ｓｌｉｍ先進国株式インデックス","追加型/海外/株式","三菱ＵＦＪ国際投信","0.00%","外枠なし","0.09300%"
"JP90C000ERE2","たわらノーロードＴＯＰＩＸ","追加型/国内/株式","アセットマネジメントＯｎｅ","0.00%","外枠なし","0.17000%"
"JP90C000EWV6","ｅＭＡＸＩＳ　Ｓｌｉｍバランス（８資産均等型）","追加型/内外/資産複合","三菱ＵＦＪ国際投信","0.00%","外枠なし","0.14000%"
"JP90C000F3F8","ＤＣニッセイワールドセレクトファンド（安定型）","追加型/内外/資産複合","ニッセイアセットマネジメント","0.00%","外枠なし","0.14000%"
"JP90C000F7A0","たわらノーロードバランス（８資産均等型）","追加型/内外/資産複合","アセットマネジメントＯｎｅ","0.00%","外枠なし","0.22000%"
"JP90C000F7H5","ｅＭＡＸＩＳ　Ｓｌｉｍ新興国株式インデックス","追加型/海外/株式","三菱ＵＦＪ国際投信","0.00%","外枠なし","0.17000%"
"JP90C000F8D2","ＳＭＴ世界経済インデックス・オープン","追加型/内外/資産複合","三井住友トラスト・アセットマネジメント","1.80%以内","外枠0.5％未満","0.50000%"
"JP90C000F8E0","つみたて日本株式（ＴＯＰＩＸ）","追加型/国内/株式","三菱ＵＦＪ国際投信","0.00%","外枠なし","0.18000%"
"JP90C000F8F7","つみたて先進国株式","追加型/海外/株式","三菱ＵＦＪ国際投信","0.00%","外枠なし","0.20000%"
"JP90C000F8G5","つみたて新興国株式","追加型/海外/株式","三菱ＵＦＪ国際投信","0.00%","外枠なし","0.34000%"
"JP90C000F8H3","つみたて８資産均等バランス","追加型/内外/資産複合","三菱ＵＦＪ国際投信","0.00%","外枠なし","0.22000%"
"JP90C000F8K7","ＳＭＴ世界経済インデックス・オープン（株式シフト型）","追加型/内外/資産複合","三井住友トラスト・アセットマネジメント","1.80%以内","外枠0.5％未満","0.55000%"
"JP90C000F8L5","ＳＭＴ世界経済インデックス・オープン（債券シフト型）","追加型/内外/資産複合","三井住友トラスト・アセットマネジメント","1.80%以内","外枠0.5％未満","0.45000%"
"JP90C000F8M3","つみたて日本株式（日経平均）","追加型/国内/株式","三菱ＵＦＪ国際投信","0.00%","外枠なし","0.18000%"
"JP90C000F8N1","つみたて先進国株式（為替ヘッジあり）","追加型/海外/株式","三菱ＵＦＪ国際投信","0.00%","外枠なし","0.20000%"
"JP90C000F8P6","つみたて４資産均等バランス","追加型/内外/資産複合","三菱ＵＦＪ国際投信","0.00%","外枠なし","0.22000%"
"JP90C000F8Q4","ＳＭＴ８資産インデックスバランス・オープン","追加型/内外/資産複合","三井住友トラスト・アセットマネジメント","1.80%以内","外枠0.5％未満","0.50000%"
"JP90C000F9E8","Ｓｍａｒｔ－ｉ　ＴＯＰＩＸインデックス","追加型/国内/株式","りそなアセットマネジメント","0.00%","外枠なし","0.14000%"
"JP90C000F9G3","Ｓｍａｒｔ－ｉ先進国株式インデックス","追加型/海外/株式","りそなアセットマネジメント","0.00%","外枠なし","0.20000%"
"JP90C000F9K5","Ｓｍａｒｔ－ｉ新興国株式インデックス","追加型/海外/株式","りそなアセットマネジメント","0.00%","外枠なし","0.34000%"
"JP90C000F9M1","Ｓｍａｒｔ－ｉ日経２２５インデックス","追加型/国内/株式","りそなアセットマネジメント","0.00%","外枠なし","0.17000%"
"JP90C000FBV7","全世界株式インデックス・ファンド","追加型/内外/株式","ステート・ストリート・グローバル・アドバイザーズ","0.00%","外枠0.5％未満","0.48000%"
"JP90C000FCD3","ｉＦｒｅｅ　Ｓ＆Ｐ５００インデックス","追加型/海外/株式","大和アセットマネジメント","0.00%","外枠なし","0.22500%"
"JP90C000FCE1","ｉＦｒｅｅ外国株式インデックス（為替ヘッジあり）","追加型/海外/株式","大和アセットマネジメント","0.00%","外枠なし","0.19000%"
"JP90C000FD92","ブラックロック・つみたて・グローバルバランスファンド","追加型/内外/資産複合","ブラックロック・ジャパン","3.00%以内","外枠なし","0.36430%"
"JP90C000FDM2","三井住友・ＤＣつみたてＮＩＳＡ・世界分散ファンド","追加型/内外/資産複合","三井住友ＤＳアセットマネジメント","0.00%","外枠なし","0.21000%"
"JP90C000FED9","日本株式・Ｊリートバランスファンド","追加型/国内/資産複合","岡三アセットマネジメント","0.00%","外枠なし","0.19000%"
"JP90C000FFC8","野村６資産均等バランス","追加型/内外/資産複合","野村アセットマネジメント","0.00%","外枠なし","0.22000%"
"JP90C000FFX4","米国株式インデックス・ファンド","追加型/海外/株式","ステート・ストリート・グローバル・アドバイザーズ","0.22%","外枠0.5％未満","0.45000%"
"JP90C000FH72","東京海上・円資産インデックスバランスファンド","追加型/国内/資産複合","東京海上アセットマネジメント","0.00%","外枠なし","0.38000%"
"JP90C000FHC4","楽天・全世界株式インデックス・ファンド","追加型/内外/株式","楽天投信投資顧問","0.00%","外枠なし","0.12000%"
"JP90C000FHD2","楽天・全米株式インデックス・ファンド","追加型/海外/株式","楽天投信投資顧問","0.00%","外枠なし","0.12000%"
"JP90C000FHE0","ｅＭＡＸＩＳマイマネージャー１９７０ｓ","追加型/内外/資産複合","三菱ＵＦＪ国際投信","0.00%","外枠なし","0.50000%"
"JP90C000FHF7","ｅＭＡＸＩＳマイマネージャー１９８０ｓ","追加型/内外/資産複合","三菱ＵＦＪ国際投信","0.00%","外枠なし","0.50000%"
"JP90C000FHG5","ｅＭＡＸＩＳマイマネージャー１９９０ｓ","追加型/内外/資産複合","三菱ＵＦＪ国際投信","0.00%","外枠なし","0.50000%"
"JP90C000FHZ5","野村つみたて外国株投信","追加型/海外/株式","野村アセットマネジメント","0.00%","外枠なし","0.19000%"
"JP90C000FJ05","野村つみたて日本株投信","追加型/国内/株式","野村アセットマネジメント","0.00%","外枠なし","0.17000%"
"JP90C000FJY4","つみたてバランスファンド","追加型/内外/資産複合","りそなアセットマネジメント","0.00%","外枠なし","0.19500%"
"JP90C000FK36","＜購入・換金手数料なし＞ニッセイ新興国株式インデックスファンド","追加型/海外/株式","ニッセイアセットマネジメント","0.00%","外枠なし","0.18900%"
"JP90C000FK44","＜購入・換金手数料なし＞ニッセイ・インデックスバランスファンド（６資産均等型）","追加型/内外/資産複合","ニッセイアセットマネジメント","0.00%","外枠なし","0.15900%"
"JP90C000FLK9","ｉ－ＳＭＴグローバル株式インデックス（ノーロード）","追加型/海外/株式","三井住友トラスト・アセットマネジメント","0.00%","外枠なし","0.19000%"
"JP90C000FLL7","ｉ－ＳＭＴ日経２２５インデックス（ノーロード）","追加型/国内/株式","三井住友トラスト・アセットマネジメント","0.00%","外枠なし","0.17000%"
"JP90C000FN25","たわらノーロードバランス（堅実型）","追加型/内外/資産複合","アセットマネジメントＯｎｅ","0.00%","外枠なし","0.22000%"
"JP90C000FN33","たわらノーロードバランス（標準型）","追加型/内外/資産複合","アセットマネジメントＯｎｅ","0.00%","外枠なし","0.22000%"
"JP90C000FN41","たわらノーロードバランス（積極型）","追加型/内外/資産複合","アセットマネジメントＯｎｅ","0.00%","外枠なし","0.22000%"
"JP90C000FNK5","ニッセイ・インデックスパッケージ（内外・株式）","追加型/内外/株式","ニッセイアセットマネジメント","0.00%","外枠なし","0.32400%"
"JP90C000FNL3","ニッセイ・インデックスパッケージ（内外・株式／リート）","追加型/内外/資産複合","ニッセイアセットマネジメント","0.00%","外枠なし","0.32400%"
"JP90C000FNM1","ニッセイ・インデックスパッケージ（内外・株式／リート／債券）","追加型/内外/資産複合","ニッセイアセットマネジメント","0.00%","外枠なし","0.32400%"
"JP90C000FNN9","ニッセイ・インデックスパッケージ（国内・株式／リート／債券）","追加型/国内/資産複合","ニッセイアセットマネジメント","0.00%","外枠なし","0.28200%"
"JP90C000FQQ5","ＳＢＩ・新興国株式インデックス・ファンド","追加型/海外/株式","ＳＢＩアセットマネジメント","0.00%","外枠なし","0.06000%"
"JP90C000FQR3","ＳＢＩ・全世界株式インデックス・ファンド","追加型/内外/株式","ＳＢＩアセットマネジメント","0.00%","外枠なし","0.06200%"
"JP90C000FS95","ドイチェ・ＥＴＦバランス・ファンド","追加型/内外/資産複合","ドイチェ・アセット・マネジメント","0.00%","外枠0.5％未満","0.23500%"
"JP90C000FSN8","ｉ－ＳＭＴ新興国株式インデックス（ノーロード）","追加型/海外/株式","三井住友トラスト・アセットマネジメント","0.00%","外枠0.5％未満","0.33000%"
"JP90C000FSP3","ｉ－ＳＭＴ　ＴＯＰＩＸインデックス（ノーロード）","追加型/国内/株式","三井住友トラスト・アセットマネジメント","0.00%","外枠なし","0.17000%"
"JP90C000FVY9","ＳＢＩ・先進国株式インデックス・ファンド","追加型/内外/株式","ＳＢＩアセットマネジメント","0.00%","外枠なし","0.06200%"
"JP90C000FX72","たわらノーロード最適化バランス（保守型）","追加型/内外/資産複合","アセットマネジメントＯｎｅ","0.00%","外枠なし","0.50000%"
"JP90C000FX80","たわらノーロード最適化バランス（安定型）","追加型/内外/資産複合","アセットマネジメントＯｎｅ","0.00%","外枠なし","0.50000%"
"JP90C000FX98","たわらノーロード最適化バランス（安定成長型）","追加型/内外/資産複合","アセットマネジメントＯｎｅ","0.00%","外枠なし","0.50000%"
"JP90C000FXA5","たわらノーロード最適化バランス（成長型）","追加型/内外/資産複合","アセットマネジメントＯｎｅ","0.00%","外枠なし","0.50000%"
"JP90C000FXB3","たわらノーロード最適化バランス（積極型）","追加型/内外/資産複合","アセットマネジメントＯｎｅ","0.00%","外枠なし","0.50000%"
"JP90C000FXV1","ｅＭＡＸＩＳ　Ｓｌｉｍ国内株式（日経平均）","追加型/国内/株式","三菱ＵＦＪ国際投信","0.00%","外枠なし","0.14000%"
"JP90C000G631","ｅＭＡＸＩＳ　Ｓｌｉｍ全世界株式（除く日本）","追加型/海外/株式","三菱ＵＦＪ国際投信","0.00%","外枠なし","0.10400%"
"JP90C000G664","Ｓｍａｒｔ－ｉ８資産バランス成長型","追加型/内外/資産複合","りそなアセットマネジメント","0.00%","外枠なし","0.20000%"
"JP90C000G672","Ｓｍａｒｔ－ｉ８資産バランス安定型","追加型/内外/資産複合","りそなアセットマネジメント","0.00%","外枠なし","0.16000%"
"JP90C000G680","Ｓｍａｒｔ－ｉ８資産バランス安定成長型","追加型/内外/資産複合","りそなアセットマネジメント","0.00%","外枠なし","0.18000%"
"JP90C000G7W3","ｅＭＡＸＩＳ　Ｓｌｉｍ全世界株式（３地域均等型）","追加型/内外/株式","三菱ＵＦＪ国際投信","0.00%","外枠なし","0.10400%"
"JP90C000GB28","世界６資産分散ファンド","追加型/内外/資産複合","野村アセットマネジメント","1.00%以内","外枠0.5％未満","0.49500%"
"JP90C000GKC6","ｅＭＡＸＩＳ　Ｓｌｉｍ米国株式（Ｓ＆Ｐ５００）","追加型/海外/株式","三菱ＵＦＪ国際投信","0.00%","外枠なし","0.08800%"
"JP90C000GMQ2","楽天・インデックス・バランス・ファンド（株式重視型）","追加型/内外/資産複合","楽天投信投資顧問","0.00%","外枠なし","0.12000%"
"JP90C000GMR0","楽天・インデックス・バランス・ファンド（均等型）","追加型/内外/資産複合","楽天投信投資顧問","0.00%","外枠なし","0.12000%"
"JP90C000GMS8","楽天・インデックス・バランス・ファンド（債券重視型）","追加型/内外/資産複合","楽天投信投資顧問","0.00%","外枠なし","0.12000%"
"JP90C000GV81","ａｕスマート・ベーシック（安定）","追加型/内外/資産複合","ａｕアセットマネジメント","0.00%","外枠なし","0.22000%"
"JP90C000GV99","ａｕスマート・ベーシック（安定成長）","追加型/内外/資産複合","ａｕアセットマネジメント","0.00%","外枠なし","0.22000%"
"JP90C000GVW1","フィデリティ・ターゲット・デート・ファンド（ベーシック）２０６０","追加型/内外/資産複合","フィデリティ投信","3.00%以内","外枠なし","0.26600%"
"JP90C000H1T1","ｅＭＡＸＩＳ　Ｓｌｉｍ全世界株式（オール・カントリー）","追加型/内外/株式","三菱ＵＦＪ国際投信","0.00%","外枠なし","0.10400%"
"JP90C000HZE8","たわらノーロード全世界株式","追加型/内外/株式","アセットマネジメントＯｎｅ","0.00%","外枠なし","0.12000%"
"JP90C000J5T0","東京海上ターゲット・イヤー・ファンド２０３５","追加型/内外/資産複合","東京海上アセットマネジメント","0.00%","外枠なし","0.28000%"
"JP90C000J5U8","東京海上ターゲット・イヤー・ファンド２０４５","追加型/内外/資産複合","東京海上アセットマネジメント","0.00%","外枠なし","0.28000%"
"JP90C000J5V6","東京海上ターゲット・イヤー・ファンド２０５５","追加型/内外/資産複合","東京海上アセットマネジメント","0.00%","外枠なし","0.28000%"
"JP90C000J5W4","東京海上ターゲット・イヤー・ファンド２０６５","追加型/内外/資産複合","東京海上アセットマネジメント","0.00%","外枠なし","0.28000%"
"JP90C000JTA5","ＮＺＡＭ・ベータ日経２２５","追加型/国内/株式","農林中金全共連アセットマネジメント","0.00%","外枠なし","0.16000%"
"JP90C000JUG0","ＮＺＡＭ・ベータＳ＆Ｐ５００","追加型/海外/株式","農林中金全共連アセットマネジメント","-","外枠なし","0.24000%"
"JP90C000JUK2","ＮＺＡＭ・ベータ米国２資産（株式＋ＲＥＩＴ）","追加型/海外/資産複合","農林中金全共連アセットマネジメント","0.00%","外枠なし","0.37000%"
"JP90C000JUL0","ＮＺＡＭ・ベータ日本２資産（株式＋ＲＥＩＴ）","追加型/国内/資産複合","農林中金全共連アセットマネジメント","0.00%","外枠なし","0.22000%"
"JP90C000JX03","つみたて米国株式（Ｓ＆Ｐ５００）","追加型/海外/株式","三菱ＵＦＪ国際投信","0.00%","外枠なし","0.20000%"
"JP90C000JX11","つみたて全世界株式","追加型/内外/株式","三菱ＵＦＪ国際投信","0.00%","外枠なし","0.20000%"
"JP90C000KBY1","Ｓｍａｒｔ－ｉ　Ｓ＆Ｐ５００インデックス","追加型/海外/株式","りそなアセットマネジメント","-","外枠なし","0.22000%"
"JP90C000KCW3","＜購入・換金手数料なし＞ニッセイ世界株式ファンド（ＧＤＰ型バスケット）","追加型/内外/株式","ニッセイアセットマネジメント","0.00%","外枠なし","0.10400%"
"JP90C000KQ33","フィデリティ・ターゲット・デート・ファンド（ベーシック）２０４５","追加型/内外/資産複合","フィデリティ投信","3.00%以内","外枠なし","0.26600%"
"JP90C000KQ41","フィデリティ・ターゲット・デート・ファンド（ベーシック）２０５５","追加型/内外/資産複合","フィデリティ投信","3.00%以内","外枠なし","0.26600%"
"JP90C000LZD2","楽天・資産づくりファンド（のんびりコース）","追加型/内外/資産複合","楽天投信投資顧問","0.00%","外枠なし","0.36500%"
"JP90C000LZE0","楽天・資産づくりファンド（じっくりコース）","追加型/内外/資産複合","楽天投信投資顧問","0.00%","外枠なし","0.36500%"
"JP90C000LZF7","楽天・資産づくりファンド（なかなかコース）","追加型/内外/資産複合","楽天投信投資顧問","0.00%","外枠なし","0.36500%"
"JP90C000LZG5","楽天・資産づくりファンド（しっかりコース）","追加型/内外/資産複合","楽天投信投資顧問","0.00%","外枠なし","0.36500%"
"JP90C000LZH3","楽天・資産づくりファンド（がっちりコース）","追加型/内外/資産複合","楽天投信投資顧問","0.00%","外枠なし","0.36500%"
